STT,Phân hệ,Nhóm,Tên biểu mẫu,Mã (ID),Đầu trang
"1","Hợp đồng","Hợp đồng","Hợp đồng lao động","FM_HOP_DONG","Quốc hiệu"
"2","Hợp đồng","Hợp đồng","Hợp đồng thử việc","FMV_HOP_DONG_THU_VIEC","Quốc hiệu"
"3","Hợp đồng","Hợp đồng","Hợp đồng mua bán","FMV_HOP_DONG_MUA_BAN","Quốc hiệu"
"4","Hợp đồng","Hợp đồng","Hợp đồng nguyên tắc","FMV_HOP_DONG_NGUYEN_TAC","Quốc hiệu"
"5","Hợp đồng","Hợp đồng","Hợp đồng dịch vụ","FMV_HOP_DONG_DICH_VU","Quốc hiệu"
"6","Hợp đồng","Hợp đồng","Hợp đồng thuê","FMV_HOP_DONG_THUE","Quốc hiệu"
"7","Hợp đồng","Hợp đồng","Hợp đồng cho thuê","FMV_HOP_DONG_CHO_THUE","Quốc hiệu"
"8","Hợp đồng","Hợp đồng","Hợp đồng thi công","FMV_HOP_DONG_THI_CONG","Quốc hiệu"
"9","Hợp đồng","Hợp đồng","Hợp đồng bảo trì","FMV_HOP_DONG_BAO_TRI","Quốc hiệu"
"10","Hợp đồng","Hợp đồng","Hợp đồng vận chuyển","FMV_HOP_DONG_VAN_CHUYEN","Quốc hiệu"
"11","Hợp đồng","Hợp đồng","Hợp đồng hợp tác","FMV_HOP_DONG_HOP_TAC","Quốc hiệu"
"12","Hợp đồng","Hợp đồng","Hợp đồng đại lý","FMV_HOP_DONG_DAI_LY","Quốc hiệu"
"13","Hợp đồng","Hợp đồng","Hợp đồng phân phối","FMV_HOP_DONG_PHAN_PHOI","Quốc hiệu"
"14","Hợp đồng","Hợp đồng","Hợp đồng gia công","FMV_HOP_DONG_GIA_CONG","Quốc hiệu"
"15","Hợp đồng","Hợp đồng","Hợp đồng tư vấn","FMV_HOP_DONG_TU_VAN","Quốc hiệu"
"16","Hợp đồng","Hợp đồng","Hợp đồng vay","FMV_HOP_DONG_VAY","Quốc hiệu"
"17","Hợp đồng","Hợp đồng","Hợp đồng phần mềm","FMV_HOP_DONG_PHAN_MEM","Quốc hiệu"
"18","Hợp đồng","Hợp đồng","Hợp đồng bản quyền","FMV_HOP_DONG_BAN_QUYEN","Quốc hiệu"
"19","Hợp đồng","Hợp đồng","Hợp đồng chuyển giao","FMV_HOP_DONG_CHUYEN_GIAO","Quốc hiệu"
"20","Hợp đồng","Phụ lục hợp đồng","Phụ lục gia hạn hợp đồng","FMV_PHU_LUC_GIA_HAN_HOP_DONG","Quốc hiệu"
"21","Hợp đồng","Phụ lục hợp đồng","Phụ lục điều chỉnh giá trị hợp đồng","FMV_PHU_LUC_DIEU_CHINH_GIA_TRI_HOP_DONG","Quốc hiệu"
"22","Hợp đồng","Phụ lục hợp đồng","Phụ lục điều chỉnh khối lượng","FMV_PHU_LUC_DIEU_CHINH_KHOI_LUONG","Quốc hiệu"
"23","Hợp đồng","Phụ lục hợp đồng","Phụ lục điều chỉnh thời gian","FMV_PHU_LUC_DIEU_CHINH_THOI_GIAN","Quốc hiệu"
"24","Hợp đồng","Phụ lục hợp đồng","Phụ lục điều chỉnh phạm vi công việc","FMV_PHU_LUC_DIEU_CHINH_PHAM_VI_CONG_VIEC","Quốc hiệu"
"25","Hợp đồng","Phụ lục hợp đồng","Phụ lục thay đổi thông tin các bên","FMV_PHU_LUC_THAY_DOI_THONG_TIN_CAC_BEN","Quốc hiệu"
"26","Hợp đồng","Biên bản hợp đồng","Biên bản nghiệm thu hợp đồng","FMV_BIEN_BAN_NGHIEM_THU_HOP_DONG","Quốc hiệu"
"27","Hợp đồng","Biên bản hợp đồng","Biên bản bàn giao theo hợp đồng","FMV_BIEN_BAN_BAN_GIAO_THEO_HOP_DONG","Quốc hiệu"
"28","Hợp đồng","Biên bản hợp đồng","Biên bản đối chiếu hợp đồng","FMV_BIEN_BAN_DOI_CHIEU_HOP_DONG","Quốc hiệu"
"29","Hợp đồng","Biên bản hợp đồng","Biên bản xác nhận khối lượng","FMV_BIEN_BAN_XAC_NHAN_KHOI_LUONG","Quốc hiệu"
"30","Hợp đồng","Biên bản hợp đồng","Biên bản thanh lý hợp đồng","FMV_BIEN_BAN_THANH_LY_HOP_DONG","Quốc hiệu"
"31","Hợp đồng","Cam kết – Thỏa thuận","Bản cam kết","FMV_BAN_CAM_KET","Quốc hiệu"
"32","Hợp đồng","Cam kết – Thỏa thuận","Thỏa thuận bảo mật thông tin (NDA)","FMV_THOA_THUAN_BAO_MAT_THONG_TIN_NDA","Quốc hiệu"
"33","Hợp đồng","Cam kết – Thỏa thuận","Biên bản ghi nhớ (MOU)","FMV_BIEN_BAN_GHI_NHO_MOU","Quốc hiệu"
"34","Hợp đồng","Cam kết – Thỏa thuận","Thỏa thuận nguyên tắc","FMV_THOA_THUAN_NGUYEN_TAC","Quốc hiệu"
"35","Hợp đồng","Cam kết – Thỏa thuận","Cam kết trách nhiệm","FMV_CAM_KET_TRACH_NHIEM","Quốc hiệu"
"36","Hợp đồng","Cam kết – Thỏa thuận","Cam kết sử dụng tài sản","FMV_CAM_KET_SU_DUNG_TAI_SAN","Quốc hiệu"
"37","Hành chính","Đề xuất","Đề xuất (chung)","FM_DE_XUAT","Logo"
"38","Hành chính","Đề xuất","Đề xuất mua sắm","FMV_DE_XUAT_MUA_SAM","Logo"
"39","Hành chính","Đề xuất","Đề xuất sửa chữa","FMV_DE_XUAT_SUA_CHUA","Logo"
"40","Hành chính","Đề xuất","Đề xuất đầu tư","FMV_DE_XUAT_DAU_TU","Logo"
"41","Hành chính","Đề xuất","Đề xuất thay thế thiết bị","FMV_DE_XUAT_THAY_THE_THIET_BI","Logo"
"42","Hành chính","Đề xuất","Đề xuất cấp ngân sách","FMV_DE_XUAT_CAP_NGAN_SACH","Logo"
"43","Hành chính","Đề xuất","Đề xuất cải tiến công việc","FMV_DE_XUAT_CAI_TIEN_CONG_VIEC","Logo"
"44","Hành chính","Tờ trình","Tờ trình xin chủ trương","FMV_TO_TRINH_XIN_CHU_TRUONG","Quốc hiệu"
"45","Hành chính","Tờ trình","Tờ trình phê duyệt mua sắm","FMV_TO_TRINH_PHE_DUYET_MUA_SAM","Quốc hiệu"
"46","Hành chính","Tờ trình","Tờ trình phê duyệt thanh toán","FMV_TO_TRINH_PHE_DUYET_THANH_TOAN","Quốc hiệu"
"47","Hành chính","Tờ trình","Tờ trình đầu tư","FMV_TO_TRINH_DAU_TU","Quốc hiệu"
"48","Hành chính","Tờ trình","Tờ trình nhân sự","FMV_TO_TRINH_NHAN_SU","Quốc hiệu"
"49","Hành chính","Tờ trình","Tờ trình ngân sách","FMV_TO_TRINH_NGAN_SACH","Quốc hiệu"
"50","Hành chính","Tờ trình","Tờ trình sửa chữa","FMV_TO_TRINH_SUA_CHUA","Quốc hiệu"
"51","Hành chính","Biên bản","Biên bản họp","FMV_BIEN_BAN_HOP","Quốc hiệu"
"52","Hành chính","Biên bản","Biên bản làm việc","FMV_BIEN_BAN_LAM_VIEC","Quốc hiệu"
"53","Hành chính","Biên bản","Biên bản xác nhận","FMV_BIEN_BAN_XAC_NHAN","Quốc hiệu"
"54","Hành chính","Biên bản","Biên bản nghiệm thu","FMV_BIEN_BAN_NGHIEM_THU","Quốc hiệu"
"55","Hành chính","Biên bản","Biên bản kiểm kê","FMV_BIEN_BAN_KIEM_KE","Quốc hiệu"
"56","Hành chính","Biên bản","Biên bản đối chiếu","FMV_BIEN_BAN_DOI_CHIEU","Quốc hiệu"
"57","Hành chính","Biên bản","Biên bản sự cố","FMV_BIEN_BAN_SU_CO","Quốc hiệu"
"58","Hành chính","Biên bản","Biên bản vi phạm","FMV_BIEN_BAN_VI_PHAM","Quốc hiệu"
"59","Hành chính","Biên bản","Biên bản mất / hỏng tài sản","FMV_BIEN_BAN_MAT_HONG_TAI_SAN","Quốc hiệu"
"60","Hành chính","Quyết định","Quyết định bổ nhiệm","FMV_QUYET_DINH_BO_NHIEM","Quốc hiệu"
"61","Hành chính","Quyết định","Quyết định miễn nhiệm","FMV_QUYET_DINH_MIEN_NHIEM","Quốc hiệu"
"62","Hành chính","Quyết định","Quyết định điều chuyển","FMV_QUYET_DINH_DIEU_CHUYEN","Quốc hiệu"
"63","Hành chính","Quyết định","Quyết định tiếp nhận","FMV_QUYET_DINH_TIEP_NHAN","Quốc hiệu"
"64","Hành chính","Quyết định","Quyết định tăng lương","FMV_QUYET_DINH_TANG_LUONG","Quốc hiệu"
"65","Hành chính","Quyết định","Quyết định khen thưởng","FMV_QUYET_DINH_KHEN_THUONG","Quốc hiệu"
"66","Hành chính","Quyết định","Quyết định kỷ luật","FMV_QUYET_DINH_KY_LUAT","Quốc hiệu"
"67","Hành chính","Quyết định","Quyết định thành lập tổ/ban","FMV_QUYET_DINH_THANH_LAP_TO_BAN","Quốc hiệu"
"68","Hành chính","Quyết định","Quyết định phân công nhiệm vụ","FMV_QUYET_DINH_PHAN_CONG_NHIEM_VU","Quốc hiệu"
"69","Hành chính","Thông báo","Thông báo nội bộ","FMV_THONG_BAO_NOI_BO","Quốc hiệu"
"70","Hành chính","Thông báo","Thông báo nghỉ lễ","FMV_THONG_BAO_NGHI_LE","Quốc hiệu"
"71","Hành chính","Thông báo","Thông báo lịch làm việc","FMV_THONG_BAO_LICH_LAM_VIEC","Quốc hiệu"
"72","Hành chính","Thông báo","Thông báo nhân sự","FMV_THONG_BAO_NHAN_SU","Quốc hiệu"
"73","Hành chính","Thông báo","Thông báo chính sách","FMV_THONG_BAO_CHINH_SACH","Quốc hiệu"
"74","Hành chính","Thông báo","Thông báo sự kiện","FMV_THONG_BAO_SU_KIEN","Quốc hiệu"
"75","Hành chính","Thông báo","Thông báo thay đổi quy định","FMV_THONG_BAO_THAY_DOI_QUY_DINH","Quốc hiệu"
"76","Hành chính","Công văn","Công văn đi","FMV_CONG_VAN_DI","Quốc hiệu"
"77","Hành chính","Công văn","Công văn đến","FMV_CONG_VAN_DEN","Quốc hiệu"
"78","Hành chính","Công văn","Công văn đề nghị","FMV_CONG_VAN_DE_NGHI","Quốc hiệu"
"79","Hành chính","Công văn","Công văn trả lời","FMV_CONG_VAN_TRA_LOI","Quốc hiệu"
"80","Hành chính","Công văn","Công văn phúc đáp","FMV_CONG_VAN_PHUC_DAP","Quốc hiệu"
"81","Hành chính","Công văn","Công văn giải trình","FMV_CONG_VAN_GIAI_TRINH","Quốc hiệu"
"82","Hành chính","Công văn","Công văn xác nhận","FMV_CONG_VAN_XAC_NHAN","Quốc hiệu"
"83","Hành chính","Giấy ủy quyền","Giấy ủy quyền (chung)","FM_UY_QUYEN","Quốc hiệu"
"84","Hành chính","Giấy ủy quyền","Giấy ủy quyền ký","FMV_GIAY_UY_QUYEN_KY","Quốc hiệu"
"85","Hành chính","Giấy ủy quyền","Giấy ủy quyền giao dịch","FMV_GIAY_UY_QUYEN_GIAO_DICH","Quốc hiệu"
"86","Hành chính","Giấy ủy quyền","Giấy ủy quyền nhận hàng","FMV_GIAY_UY_QUYEN_NHAN_HANG","Quốc hiệu"
"87","Hành chính","Giấy ủy quyền","Giấy ủy quyền làm việc ngân hàng / cơ quan","FMV_GIAY_UY_QUYEN_LAM_VIEC_NGAN_HANG_CO_QUAN","Quốc hiệu"
"88","Hành chính","Giấy ủy quyền","Giấy ủy quyền thực hiện thủ tục","FMV_GIAY_UY_QUYEN_THUC_HIEN_THU_TUC","Quốc hiệu"
"89","Hành chính","Giấy giới thiệu","Giấy giới thiệu đi công tác","FMV_GIAY_GIOI_THIEU_DI_CONG_TAC","Quốc hiệu"
"90","Hành chính","Giấy giới thiệu","Giấy giới thiệu liên hệ đối tác","FMV_GIAY_GIOI_THIEU_LIEN_HE_DOI_TAC","Quốc hiệu"
"91","Hành chính","Giấy giới thiệu","Giấy giới thiệu làm việc ngân hàng","FMV_GIAY_GIOI_THIEU_LAM_VIEC_NGAN_HANG","Quốc hiệu"
"92","Hành chính","Giấy giới thiệu","Giấy giới thiệu làm việc cơ quan nhà nước","FMV_GIAY_GIOI_THIEU_LAM_VIEC_CO_QUAN_NHA_NUOC","Quốc hiệu"
"93","Hành chính","Công tác","Đề nghị đi công tác","FMV_DE_NGHI_DI_CONG_TAC","Logo"
"94","Hành chính","Công tác","Kế hoạch công tác","FMV_KE_HOACH_CONG_TAC","Logo"
"95","Hành chính","Công tác","Quyết toán công tác phí","FMV_QUYET_TOAN_CONG_TAC_PHI","Logo"
"96","Hành chính","Kế hoạch","Kế hoạch ngày","FMV_KE_HOACH_NGAY","Logo"
"97","Hành chính","Kế hoạch","Kế hoạch tuần","FMV_KE_HOACH_TUAN","Logo"
"98","Hành chính","Kế hoạch","Kế hoạch tháng","FMV_KE_HOACH_THANG","Logo"
"99","Hành chính","Kế hoạch","Kế hoạch năm","FMV_KE_HOACH_NAM","Logo"
"100","Hành chính","Kế hoạch","Kế hoạch kinh doanh","FMV_KE_HOACH_KINH_DOANH","Logo"
"101","Hành chính","Kế hoạch","Kế hoạch nhân sự","FMV_KE_HOACH_NHAN_SU","Logo"
"102","Hành chính","Kế hoạch","Kế hoạch mua sắm","FMV_KE_HOACH_MUA_SAM","Logo"
"103","Hành chính","Kế hoạch","Kế hoạch bảo trì","FMV_KE_HOACH_BAO_TRI","Logo"
"104","Hành chính","Kế hoạch","Kế hoạch ngân sách","FMV_KE_HOACH_NGAN_SACH","Logo"
"105","Hành chính","Báo cáo","Báo cáo công việc","FMV_BAO_CAO_CONG_VIEC","Logo"
"106","Hành chính","Báo cáo","Báo cáo kinh doanh","FMV_BAO_CAO_KINH_DOANH","Logo"
"107","Hành chính","Báo cáo","Báo cáo tài chính","FMV_BAO_CAO_TAI_CHINH","Logo"
"108","Hành chính","Báo cáo","Báo cáo nhân sự","FMV_BAO_CAO_NHAN_SU","Logo"
"109","Hành chính","Báo cáo","Báo cáo kho","FMV_BAO_CAO_KHO","Logo"
"110","Hành chính","Báo cáo","Báo cáo kỹ thuật","FMV_BAO_CAO_KY_THUAT","Logo"
"111","Hành chính","Báo cáo","Báo cáo bảo trì","FMV_BAO_CAO_BAO_TRI","Logo"
"112","Hành chính","Báo cáo","Báo cáo sự cố","FMV_BAO_CAO_SU_CO","Logo"
"113","Hành chính","Bàn giao","Biên bản bàn giao","FM_BAN_GIAO","Quốc hiệu"
"114","Hành chính","Bàn giao","Biên bản bàn giao công việc","FMV_BIEN_BAN_BAN_GIAO_CONG_VIEC","Quốc hiệu"
"115","Hành chính","Bàn giao","Biên bản bàn giao tài sản","FMV_BIEN_BAN_BAN_GIAO_TAI_SAN","Quốc hiệu"
"116","Hành chính","Bàn giao","Biên bản bàn giao thiết bị","FMV_BIEN_BAN_BAN_GIAO_THIET_BI","Quốc hiệu"
"117","Hành chính","Bàn giao","Biên bản bàn giao hồ sơ","FMV_BIEN_BAN_BAN_GIAO_HO_SO","Quốc hiệu"
"118","Hành chính","Bàn giao","Biên bản bàn giao mặt bằng","FMV_BIEN_BAN_BAN_GIAO_MAT_BANG","Quốc hiệu"
"119","Hành chính","Bàn giao","Biên bản bàn giao tài khoản","FMV_BIEN_BAN_BAN_GIAO_TAI_KHOAN","Quốc hiệu"
"120","Hành chính","Bàn giao","Biên bản bàn giao chức vụ","FMV_BIEN_BAN_BAN_GIAO_CHUC_VU","Quốc hiệu"
"121","Hành chính","Sự cố – vi phạm","Biên bản mất tài sản","FMV_BIEN_BAN_MAT_TAI_SAN","Quốc hiệu"
"122","Hành chính","Sự cố – vi phạm","Biên bản hư hỏng tài sản","FMV_BIEN_BAN_HU_HONG_TAI_SAN","Quốc hiệu"
"123","Hành chính","Sự cố – vi phạm","Biên bản bồi thường","FMV_BIEN_BAN_BOI_THUONG","Quốc hiệu"
"124","Nhân sự","Mẫu đơn","Đơn xin nghỉ phép","FM_NGHI_PHEP","Quốc hiệu"
"125","Nhân sự","Mẫu đơn","Đơn xin nghỉ không lương","FMV_DON_XIN_NGHI_KHONG_LUONG","Quốc hiệu"
"126","Nhân sự","Mẫu đơn","Đơn xin nghỉ việc","FMV_DON_XIN_NGHI_VIEC","Quốc hiệu"
"127","Nhân sự","Mẫu đơn","Đơn xin việc","FMV_DON_XIN_VIEC","Quốc hiệu"
"128","Nhân sự","Mẫu đơn","Đơn xin điều chuyển","FMV_DON_XIN_DIEU_CHUYEN","Quốc hiệu"
"129","Nhân sự","Mẫu đơn","Đơn xin xác nhận","FMV_DON_XIN_XAC_NHAN","Quốc hiệu"
"130","Nhân sự","Mẫu đơn","Đơn đề nghị","FMV_DON_DE_NGHI","Quốc hiệu"
"131","Nhân sự","Mẫu đơn","Đơn khiếu nại","FMV_DON_KHIEU_NAI","Quốc hiệu"
"132","Nhân sự","Mẫu đơn","Bản giải trình","FMV_BAN_GIAI_TRINH","Quốc hiệu"
"133","Nhân sự","Nhân sự","Đề xuất điều chuyển nhân sự","FM_DIEU_CHUYEN_NHAN_SU","Logo"
"134","Nhân sự","Nhân sự","Phiếu thông tin nhân viên","FMV_PHIEU_THONG_TIN_NHAN_VIEN","Logo"
"135","Nhân sự","Nhân sự","Phiếu tiếp nhận nhân sự","FMV_PHIEU_TIEP_NHAN_NHAN_SU","Logo"
"136","Nhân sự","Nhân sự","Phiếu đánh giá thử việc","FMV_PHIEU_DANH_GIA_THU_VIEC","Logo"
"137","Nhân sự","Nhân sự","Phiếu đánh giá nhân viên định kỳ","FMV_PHIEU_DANH_GIA_NHAN_VIEN_DINH_KY","Logo"
"138","Nhân sự","Nhân sự","Đề nghị tăng lương","FMV_DE_NGHI_TANG_LUONG","Logo"
"139","Nhân sự","Nhân sự","Phiếu thủ tục nghỉ việc","FMV_PHIEU_THU_TUC_NGHI_VIEC","Logo"
"140","Nhân sự","Chấm công – nghỉ phép","Phiếu đăng ký tăng ca","FMV_PHIEU_DANG_KY_TANG_CA","Logo"
"141","Nhân sự","Chấm công – nghỉ phép","Phiếu giải trình đi muộn / về sớm","FMV_PHIEU_GIAI_TRINH_DI_MUON_VE_SOM","Logo"
"142","Nhân sự","Chấm công – nghỉ phép","Phiếu đăng ký đi công tác","FMV_PHIEU_DANG_KY_DI_CONG_TAC","Logo"
"143","Nhân sự","Chấm công – nghỉ phép","Phiếu điều chỉnh chấm công","FMV_PHIEU_DIEU_CHINH_CHAM_CONG","Logo"
"144","Nhân sự","Lương – chế độ","Bảng lương","FMV_BANG_LUONG","Logo"
"145","Nhân sự","Lương – chế độ","Đề nghị phụ cấp","FMV_DE_NGHI_PHU_CAP","Logo"
"146","Nhân sự","Lương – chế độ","Đề nghị thưởng","FMV_DE_NGHI_THUONG","Logo"
"147","Nhân sự","Lương – chế độ","Giấy xác nhận thu nhập","FMV_GIAY_XAC_NHAN_THU_NHAP","Logo"
"148","Nhân sự","Tuyển dụng","Đề nghị tuyển dụng","FM_DE_NGHI_TUYEN_DUNG","Logo"
"149","Nhân sự","Tuyển dụng","Bản mô tả công việc (JD)","FMV_BAN_MO_TA_CONG_VIEC_JD","Logo"
"150","Nhân sự","Tuyển dụng","Phiếu đánh giá phỏng vấn","FMV_PHIEU_DANH_GIA_PHONG_VAN","Logo"
"151","Nhân sự","Tuyển dụng","Thư mời nhận việc","FMV_THU_MOI_NHAN_VIEC","Logo"
"152","Nhân sự","Đào tạo","Đề nghị đào tạo","FM_DE_NGHI_DAO_TAO","Logo"
"153","Nhân sự","Đào tạo","Kế hoạch đào tạo","FMV_KE_HOACH_DAO_TAO","Logo"
"154","Nhân sự","Đào tạo","Danh sách học viên đào tạo","FMV_DANH_SACH_HOC_VIEN_DAO_TAO","Logo"
"155","Nhân sự","Đào tạo","Phiếu đánh giá kết quả đào tạo","FMV_PHIEU_DANH_GIA_KET_QUA_DAO_TAO","Logo"
"156","Nhân sự","Đào tạo","Giấy chứng nhận đào tạo","FMV_GIAY_CHUNG_NHAN_DAO_TAO","Logo"
"157","Nhân sự","Khen thưởng – kỷ luật","Đề xuất khen thưởng","FMV_DE_XUAT_KHEN_THUONG","Logo"
"158","Nhân sự","Khen thưởng – kỷ luật","Đề xuất kỷ luật","FMV_DE_XUAT_KY_LUAT","Logo"
"159","Nhân sự","Khen thưởng – kỷ luật","Biên bản vi phạm kỷ luật","FMV_BIEN_BAN_VI_PHAM_KY_LUAT","Logo"
"160","Nhân sự","Công tác","Giấy xác nhận công tác","FM_XAC_NHAN_CONG_TAC","Quốc hiệu"
"161","Nhân sự","BHXH","01B-HSB - Danh sách đề nghị BHXH","FM_BHXH_01B","Logo"
"162","Nhân sự","BHXH","13-HSB - Giấy ủy quyền BHXH","FM_BHXH_13","Logo"
"163","Nhân sự","BHXH","14-HSB - Đơn đề nghị BHXH","FM_BHXH_14","Logo"
"164","Tài chính – Kế toán","Đề nghị thanh toán","Đề nghị thanh toán (chung)","FM_DE_NGHI_THANH_TOAN","Logo"
"165","Tài chính – Kế toán","Đề nghị thanh toán","Đề nghị thanh toán nhà cung cấp","FMV_DE_NGHI_THANH_TOAN_NHA_CUNG_CAP","Logo"
"166","Tài chính – Kế toán","Đề nghị thanh toán","Đề nghị thanh toán hợp đồng","FMV_DE_NGHI_THANH_TOAN_HOP_DONG","Logo"
"167","Tài chính – Kế toán","Đề nghị thanh toán","Đề nghị hoàn ứng","FMV_DE_NGHI_HOAN_UNG","Logo"
"168","Tài chính – Kế toán","Đề nghị thanh toán","Đề nghị thanh toán chi phí","FMV_DE_NGHI_THANH_TOAN_CHI_PHI","Logo"
"169","Tài chính – Kế toán","Đề nghị thanh toán","Đề nghị thanh toán công tác phí","FMV_DE_NGHI_THANH_TOAN_CONG_TAC_PHI","Logo"
"170","Tài chính – Kế toán","Đề nghị tạm ứng","Đề nghị tạm ứng (chung)","FM_DE_NGHI_TAM_UNG","Logo"
"171","Tài chính – Kế toán","Đề nghị tạm ứng","Đề nghị tạm ứng mua hàng","FMV_DE_NGHI_TAM_UNG_MUA_HANG","Logo"
"172","Tài chính – Kế toán","Đề nghị tạm ứng","Đề nghị tạm ứng công tác","FMV_DE_NGHI_TAM_UNG_CONG_TAC","Logo"
"173","Tài chính – Kế toán","Đề nghị tạm ứng","Đề nghị tạm ứng thi công","FMV_DE_NGHI_TAM_UNG_THI_CONG","Logo"
"174","Tài chính – Kế toán","Đề nghị tạm ứng","Đề nghị tạm ứng sự kiện","FMV_DE_NGHI_TAM_UNG_SU_KIEN","Logo"
"175","Tài chính – Kế toán","Đề nghị tạm ứng","Đề nghị tạm ứng chi phí hoạt động","FMV_DE_NGHI_TAM_UNG_CHI_PHI_HOAT_DONG","Logo"
"176","Tài chính – Kế toán","Phiếu thu – chi","Phiếu thu","FMV_PHIEU_THU","Logo"
"177","Tài chính – Kế toán","Phiếu thu – chi","Phiếu chi","FMV_PHIEU_CHI","Logo"
"178","Tài chính – Kế toán","Phiếu thu – chi","Đề nghị chi","FMV_DE_NGHI_CHI","Logo"
"179","Tài chính – Kế toán","Phiếu thu – chi","Giấy xác nhận thu / chi","FMV_GIAY_XAC_NHAN_THU_CHI","Logo"
"180","Tài chính – Kế toán","Tài chính – kế toán","Bảng kê hóa đơn, chứng từ","FMV_BANG_KE_HOA_DON_CHUNG_TU","Logo"
"181","Tài chính – Kế toán","Tài chính – kế toán","Ủy nhiệm chi (UNC)","FMV_UY_NHIEM_CHI_UNC","Logo"
"182","Tài chính – Kế toán","Tài chính – kế toán","Biên bản đối chiếu công nợ","FMV_BIEN_BAN_DOI_CHIEU_CONG_NO","Logo"
"183","Tài chính – Kế toán","Tài chính – kế toán","Biên bản xác nhận công nợ","FMV_BIEN_BAN_XAC_NHAN_CONG_NO","Logo"
"184","Tài chính – Kế toán","Tài chính – kế toán","Bảng quyết toán","FMV_BANG_QUYET_TOAN","Logo"
"185","Tài chính – Kế toán","Khách hàng – công nợ","Thư xác nhận công nợ khách hàng","FMV_THU_XAC_NHAN_CONG_NO_KHACH_HANG","Logo"
"186","Tài chính – Kế toán","Khách hàng – công nợ","Đề nghị thanh toán gửi khách hàng","FMV_DE_NGHI_THANH_TOAN_GUI_KHACH_HANG","Logo"
"187","Tài chính – Kế toán","Khách hàng – công nợ","Cam kết thanh toán","FMV_CAM_KET_THANH_TOAN","Logo"
"188","Tài chính – Kế toán","Khách hàng – công nợ","Đề nghị gia hạn công nợ","FMV_DE_NGHI_GIA_HAN_CONG_NO","Logo"
"189","Mua hàng – NCC","Đề nghị mua hàng","Đề nghị mua vật tư","FMV_DE_NGHI_MUA_VAT_TU","Logo"
"190","Mua hàng – NCC","Đề nghị mua hàng","Đề nghị mua thiết bị","FMV_DE_NGHI_MUA_THIET_BI","Logo"
"191","Mua hàng – NCC","Đề nghị mua hàng","Đề nghị mua công cụ dụng cụ","FMV_DE_NGHI_MUA_CONG_CU_DUNG_CU","Logo"
"192","Mua hàng – NCC","Đề nghị mua hàng","Đề nghị mua hàng hóa","FMV_DE_NGHI_MUA_HANG_HOA","Logo"
"193","Mua hàng – NCC","Đề nghị mua hàng","Đề nghị mua dịch vụ","FMV_DE_NGHI_MUA_DICH_VU","Logo"
"194","Mua hàng – NCC","Đơn đặt hàng","Đơn đặt hàng (PO)","FMV_DON_DAT_HANG_PO","Logo"
"195","Mua hàng – NCC","Đơn đặt hàng","Đơn đặt dịch vụ","FMV_DON_DAT_DICH_VU","Logo"
"196","Mua hàng – NCC","Đơn đặt hàng","Đơn đặt vật tư","FMV_DON_DAT_VAT_TU","Logo"
"197","Mua hàng – NCC","Đơn đặt hàng","Đơn đặt thiết bị","FMV_DON_DAT_THIET_BI","Logo"
"198","Mua hàng – NCC","Nghiệm thu","Biên bản nghiệm thu hàng hóa","FMV_BIEN_BAN_NGHIEM_THU_HANG_HOA","Quốc hiệu"
"199","Mua hàng – NCC","Nghiệm thu","Biên bản nghiệm thu thiết bị","FMV_BIEN_BAN_NGHIEM_THU_THIET_BI","Quốc hiệu"
"200","Mua hàng – NCC","Nghiệm thu","Biên bản nghiệm thu dịch vụ","FMV_BIEN_BAN_NGHIEM_THU_DICH_VU","Quốc hiệu"
"201","Mua hàng – NCC","Nghiệm thu","Biên bản nghiệm thu công việc","FMV_BIEN_BAN_NGHIEM_THU_CONG_VIEC","Quốc hiệu"
"202","Mua hàng – NCC","Nghiệm thu","Biên bản nghiệm thu thi công","FMV_BIEN_BAN_NGHIEM_THU_THI_CONG","Quốc hiệu"
"203","Mua hàng – NCC","Nghiệm thu","Biên bản nghiệm thu khối lượng","FMV_BIEN_BAN_NGHIEM_THU_KHOI_LUONG","Quốc hiệu"
"204","Mua hàng – NCC","Nhà cung cấp","Hồ sơ nhà cung cấp","FMV_HO_SO_NHA_CUNG_CAP","Logo"
"205","Mua hàng – NCC","Nhà cung cấp","Phiếu đánh giá nhà cung cấp","FMV_PHIEU_DANH_GIA_NHA_CUNG_CAP","Logo"
"206","Mua hàng – NCC","Nhà cung cấp","Báo giá mua hàng","FMV_BAO_GIA_MUA_HANG","Logo"
"207","Mua hàng – NCC","Nhà cung cấp","Bảng so sánh giá","FMV_BANG_SO_SANH_GIA","Logo"
"208","Kho","Kho – vật tư","Phiếu nhập kho","FMV_PHIEU_NHAP_KHO","Logo"
"209","Kho","Kho – vật tư","Phiếu xuất kho","FMV_PHIEU_XUAT_KHO","Logo"
"210","Kho","Kho – vật tư","Phiếu chuyển kho","FMV_PHIEU_CHUYEN_KHO","Logo"
"211","Kho","Kho – vật tư","Phiếu trả hàng","FMV_PHIEU_TRA_HANG","Logo"
"212","Kho","Kho – vật tư","Biên bản kiểm kê kho","FMV_BIEN_BAN_KIEM_KE_KHO","Quốc hiệu"
"213","Kho","Kho – vật tư","Phiếu điều chỉnh tồn kho","FMV_PHIEU_DIEU_CHINH_TON_KHO","Logo"
"214","Kho","Kiểm kê","Biên bản kiểm kê hàng hóa","FMV_BIEN_BAN_KIEM_KE_HANG_HOA","Quốc hiệu"
"215","Kho","Kiểm kê","Biên bản kiểm kê tài sản","FMV_BIEN_BAN_KIEM_KE_TAI_SAN","Quốc hiệu"
"216","Kho","Kiểm kê","Biên bản kiểm kê thiết bị","FMV_BIEN_BAN_KIEM_KE_THIET_BI","Quốc hiệu"
"217","Kho","Kiểm kê","Biên bản kiểm kê công cụ dụng cụ","FMV_BIEN_BAN_KIEM_KE_CONG_CU_DUNG_CU","Quốc hiệu"
"218","Tài sản – Thiết bị","Tài sản – thiết bị","Phiếu cấp phát tài sản","FM_CAP_PHAT_TAI_SAN","Logo"
"219","Tài sản – Thiết bị","Tài sản – thiết bị","Phiếu thu hồi tài sản","FMV_PHIEU_THU_HOI_TAI_SAN","Logo"
"220","Tài sản – Thiết bị","Tài sản – thiết bị","Phiếu điều chuyển tài sản","FMV_PHIEU_DIEU_CHUYEN_TAI_SAN","Logo"
"221","Tài sản – Thiết bị","Tài sản – thiết bị","Phiếu đề nghị sửa chữa tài sản","FMV_PHIEU_DE_NGHI_SUA_CHUA_TAI_SAN","Logo"
"222","Tài sản – Thiết bị","Tài sản – thiết bị","Phiếu bảo hành thiết bị","FMV_PHIEU_BAO_HANH_THIET_BI","Logo"
"223","Tài sản – Thiết bị","Tài sản – thiết bị","Phiếu bảo trì thiết bị","FMV_PHIEU_BAO_TRI_THIET_BI","Logo"
"224","Tài sản – Thiết bị","Tài sản – thiết bị","Biên bản thanh lý tài sản","FMV_BIEN_BAN_THANH_LY_TAI_SAN","Quốc hiệu"
"225","Tài sản – Thiết bị","Thanh lý","Biên bản thanh lý thiết bị","FMV_BIEN_BAN_THANH_LY_THIET_BI","Quốc hiệu"
"226","Tài sản – Thiết bị","Thanh lý","Biên bản thanh lý hàng hóa","FMV_BIEN_BAN_THANH_LY_HANG_HOA","Quốc hiệu"
"227","Tài sản – Thiết bị","Thanh lý","Biên bản thanh lý công cụ dụng cụ","FMV_BIEN_BAN_THANH_LY_CONG_CU_DUNG_CU","Quốc hiệu"
"228","Kinh doanh","Báo giá","Báo giá bán hàng","FMV_BAO_GIA_BAN_HANG","Logo"
"229","Kinh doanh","Báo giá","Báo giá dịch vụ","FMV_BAO_GIA_DICH_VU","Logo"
"230","Kinh doanh","Báo giá","Báo giá thi công","FMV_BAO_GIA_THI_CONG","Logo"
"231","Kinh doanh","Báo giá","Báo giá sửa chữa","FMV_BAO_GIA_SUA_CHUA","Logo"
"232","Kinh doanh","Kinh doanh","Đề xuất giá bán","FMV_DE_XUAT_GIA_BAN","Logo"
"233","Kinh doanh","Kinh doanh","Chính sách giá","FMV_CHINH_SACH_GIA","Logo"
"234","Kinh doanh","Kinh doanh","Đề xuất chiết khấu","FMV_DE_XUAT_CHIET_KHAU","Logo"
"235","Kinh doanh","Kinh doanh","Đơn hàng bán","FMV_DON_HANG_BAN","Logo"
"236","Kinh doanh","Kinh doanh","Xác nhận đơn hàng","FMV_XAC_NHAN_DON_HANG","Logo"
"237","Kinh doanh","Marketing – sự kiện","Kế hoạch marketing – sự kiện","FMV_KE_HOACH_MARKETING_SU_KIEN","Logo"
"238","Kinh doanh","Marketing – sự kiện","Đề xuất ngân sách marketing","FMV_DE_XUAT_NGAN_SACH_MARKETING","Logo"
"239","Kinh doanh","Marketing – sự kiện","Phiếu duyệt nội dung truyền thông","FMV_PHIEU_DUYET_NOI_DUNG_TRUYEN_THONG","Logo"
"240","Kinh doanh","Marketing – sự kiện","Biên bản nghiệm thu sự kiện","FMV_BIEN_BAN_NGHIEM_THU_SU_KIEN","Logo"
"241","Kinh doanh","Marketing – sự kiện","Quyết toán sự kiện","FMV_QUYET_TOAN_SU_KIEN","Logo"
"242","Kỹ thuật – Bảo trì","Checklist","Checklist kiểm tra công việc","FMV_CHECKLIST_KIEM_TRA_CONG_VIEC","Logo"
"243","Kỹ thuật – Bảo trì","Checklist","Checklist kiểm tra thiết bị","FMV_CHECKLIST_KIEM_TRA_THIET_BI","Logo"
"244","Kỹ thuật – Bảo trì","Checklist","Checklist kiểm tra bảo trì","FMV_CHECKLIST_KIEM_TRA_BAO_TRI","Logo"
"245","Kỹ thuật – Bảo trì","Checklist","Checklist kiểm tra vệ sinh","FMV_CHECKLIST_KIEM_TRA_VE_SINH","Logo"
"246","Kỹ thuật – Bảo trì","Checklist","Checklist kiểm tra an toàn","FMV_CHECKLIST_KIEM_TRA_AN_TOAN","Logo"
"247","Kỹ thuật – Bảo trì","Checklist","Checklist kiểm tra bàn giao","FMV_CHECKLIST_KIEM_TRA_BAN_GIAO","Logo"
"248","Kỹ thuật – Bảo trì","Phiếu yêu cầu","Phiếu yêu cầu IT Support","FMV_PHIEU_YEU_CAU_IT_SUPPORT","Logo"
"249","Kỹ thuật – Bảo trì","Phiếu yêu cầu","Phiếu yêu cầu sửa chữa","FMV_PHIEU_YEU_CAU_SUA_CHUA","Logo"
"250","Kỹ thuật – Bảo trì","Phiếu yêu cầu","Phiếu yêu cầu bảo trì","FMV_PHIEU_YEU_CAU_BAO_TRI","Logo"
"251","Kỹ thuật – Bảo trì","Phiếu yêu cầu","Phiếu yêu cầu cấp quyền","FMV_PHIEU_YEU_CAU_CAP_QUYEN","Logo"
"252","Kỹ thuật – Bảo trì","Phiếu yêu cầu","Phiếu yêu cầu cấp thiết bị","FMV_PHIEU_YEU_CAU_CAP_THIET_BI","Logo"
"253","Kỹ thuật – Bảo trì","Phiếu yêu cầu","Phiếu yêu cầu vật tư","FMV_PHIEU_YEU_CAU_VAT_TU","Logo"
"254","Kỹ thuật – Bảo trì","Phiếu yêu cầu","Phiếu yêu cầu dịch vụ","FMV_PHIEU_YEU_CAU_DICH_VU","Logo"
"255","Kỹ thuật – Bảo trì","An toàn – PCCC","Biên bản kiểm tra an toàn – PCCC","FMV_BIEN_BAN_KIEM_TRA_AN_TOAN_PCCC","Logo"
"256","Kỹ thuật – Bảo trì","An toàn – PCCC","Checklist an toàn – PCCC","FMV_CHECKLIST_AN_TOAN_PCCC","Logo"
"257","Kỹ thuật – Bảo trì","An toàn – PCCC","Kế hoạch an toàn – PCCC","FMV_KE_HOACH_AN_TOAN_PCCC","Logo"
"258","Kỹ thuật – Bảo trì","An toàn – PCCC","Hồ sơ huấn luyện an toàn – PCCC","FMV_HO_SO_HUAN_LUYEN_AN_TOAN_PCCC","Logo"
"259","Kỹ thuật – Bảo trì","An toàn – PCCC","Biên bản xử lý sự cố an toàn – PCCC","FMV_BIEN_BAN_XU_LY_SU_CO_AN_TOAN_PCCC","Logo"
"260","Kỹ thuật – Bảo trì","CNTT – hệ thống","Phiếu cấp tài khoản","FMV_PHIEU_CAP_TAI_KHOAN","Logo"
"261","Kỹ thuật – Bảo trì","CNTT – hệ thống","Phiếu cấp quyền hệ thống","FMV_PHIEU_CAP_QUYEN_HE_THONG","Logo"
"262","Kỹ thuật – Bảo trì","CNTT – hệ thống","Phiếu thay đổi quyền","FMV_PHIEU_THAY_DOI_QUYEN","Logo"
"263","Kỹ thuật – Bảo trì","CNTT – hệ thống","Phiếu thu hồi quyền","FMV_PHIEU_THU_HOI_QUYEN","Logo"
"264","Kỹ thuật – Bảo trì","Bảo trì – kỹ thuật","Nhật ký bảo trì","FMV_NHAT_KY_BAO_TRI","Logo"
"265","Kỹ thuật – Bảo trì","Bảo trì – kỹ thuật","Biên bản sửa chữa","FMV_BIEN_BAN_SUA_CHUA","Logo"
"266","Kỹ thuật – Bảo trì","Bảo trì – kỹ thuật","Biên bản nghiệm thu bảo trì","FMV_BIEN_BAN_NGHIEM_THU_BAO_TRI","Logo"
"267","Pháp lý & văn bản khác","Quy trình","Quy trình mua hàng","FMV_QUY_TRINH_MUA_HANG","Logo"
"268","Pháp lý & văn bản khác","Quy trình","Quy trình bán hàng","FMV_QUY_TRINH_BAN_HANG","Logo"
"269","Pháp lý & văn bản khác","Quy trình","Quy trình thanh toán","FMV_QUY_TRINH_THANH_TOAN","Logo"
"270","Pháp lý & văn bản khác","Quy trình","Quy trình kho","FMV_QUY_TRINH_KHO","Logo"
"271","Pháp lý & văn bản khác","Quy trình","Quy trình nhân sự","FMV_QUY_TRINH_NHAN_SU","Logo"
"272","Pháp lý & văn bản khác","Quy trình","Quy trình tài sản","FMV_QUY_TRINH_TAI_SAN","Logo"
"273","Pháp lý & văn bản khác","Quy trình","Quy trình bảo trì","FMV_QUY_TRINH_BAO_TRI","Logo"
"274","Pháp lý & văn bản khác","Quy trình","Quy trình phê duyệt","FMV_QUY_TRINH_PHE_DUYET","Logo"
"275","Pháp lý & văn bản khác","Quy định – Quy chế","Nội quy công ty","FMV_NOI_QUY_CONG_TY","Logo"
"276","Pháp lý & văn bản khác","Quy định – Quy chế","Quy định nhân sự","FMV_QUY_DINH_NHAN_SU","Logo"
"277","Pháp lý & văn bản khác","Quy định – Quy chế","Quy chế tài chính","FMV_QUY_CHE_TAI_CHINH","Logo"
"278","Pháp lý & văn bản khác","Quy định – Quy chế","Quy chế lương thưởng","FMV_QUY_CHE_LUONG_THUONG","Logo"
"279","Pháp lý & văn bản khác","Quy định – Quy chế","Quy định quản lý tài sản","FMV_QUY_DINH_QUAN_LY_TAI_SAN","Logo"
"280","Pháp lý & văn bản khác","Quy định – Quy chế","Quy định bảo mật thông tin","FMV_QUY_DINH_BAO_MAT_THONG_TIN","Logo"
"281","Pháp lý & văn bản khác","Quy định – Quy chế","Quy định sử dụng hệ thống","FMV_QUY_DINH_SU_DUNG_HE_THONG","Logo"
"282","Pháp lý & văn bản khác","Hướng dẫn","Hướng dẫn nghiệp vụ","FMV_HUONG_DAN_NGHIEP_VU","Logo"
"283","Pháp lý & văn bản khác","Hướng dẫn","Hướng dẫn vận hành","FMV_HUONG_DAN_VAN_HANH","Logo"
"284","Pháp lý & văn bản khác","Hướng dẫn","Hướng dẫn sử dụng thiết bị","FMV_HUONG_DAN_SU_DUNG_THIET_BI","Logo"
"285","Pháp lý & văn bản khác","Hướng dẫn","Hướng dẫn sử dụng phần mềm","FMV_HUONG_DAN_SU_DUNG_PHAN_MEM","Logo"
"286","Pháp lý & văn bản khác","Hướng dẫn","Hướng dẫn xử lý sự cố","FMV_HUONG_DAN_XU_LY_SU_CO","Logo"
"287","Pháp lý & văn bản khác","Pháp lý doanh nghiệp","Hồ sơ đăng ký kinh doanh","FMV_HO_SO_DANG_KY_KINH_DOANH","Logo"
"288","Pháp lý & văn bản khác","Pháp lý doanh nghiệp","Hồ sơ giấy phép","FMV_HO_SO_GIAY_PHEP","Logo"
"289","Pháp lý & văn bản khác","Pháp lý doanh nghiệp","Hồ sơ chứng nhận","FMV_HO_SO_CHUNG_NHAN","Logo"
"290","Pháp lý & văn bản khác","Pháp lý doanh nghiệp","Hồ sơ đăng ký (thuế, bảo hiểm, nhãn hiệu…)","FMV_HO_SO_DANG_KY_THUE_BAO_HIEM_NHAN_HIEU","Logo"
"291","Pháp lý & văn bản khác","Pháp lý doanh nghiệp","Hồ sơ thay đổi doanh nghiệp","FMV_HO_SO_THAY_DOI_DOANH_NGHIEP","Logo"
"292","Pháp lý & văn bản khác","Văn bản khác","Thư mời","FMV_THU_MOI","Logo"
"293","Pháp lý & văn bản khác","Văn bản khác","Thư xác nhận","FMV_THU_XAC_NHAN","Logo"
"294","Pháp lý & văn bản khác","Văn bản khác","Thư cảm ơn","FMV_THU_CAM_ON","Logo"
"295","Pháp lý & văn bản khác","Văn bản khác","Thư đề nghị","FMV_THU_DE_NGHI","Logo"
"296","Pháp lý & văn bản khác","Văn bản khác","Thư trao đổi","FMV_THU_TRAO_DOI","Logo"
"297","Pháp lý & văn bản khác","Văn bản khác","Hồ sơ khác","FMV_HO_SO_KHAC","Logo"