MA_MAU,LOAI,THU_TU,TIEU_DE,NOI_DUNG
FM_HOP_DONG,,1,Công việc và địa điểm làm việc,"1. Chức danh chuyên môn: {CHUC_DANH}.
2. Công việc phải làm: {CONG_VIEC}.
3. Địa điểm làm việc: {DIA_DIEM}."
FM_HOP_DONG,,2,Loại và thời hạn hợp đồng,"1. Loại hợp đồng: {LOAI_HD}.
2. Thời hạn: từ ngày {TU_NGAY}{?DEN_NGAY_TEXT}."
FM_HOP_DONG,,3,"Tiền lương, phụ cấp và hình thức trả lương","1. Mức lương theo công việc hoặc chức danh: {LUONG} ({LUONG_CHU}).
2. Phụ cấp lương và các khoản bổ sung khác: {PHU_CAP}.
3. Hình thức trả lương: {HINH_THUC_TRA}; kỳ hạn trả lương: {KY_TRA}.
4. Chế độ nâng bậc, nâng lương: {NANG_LUONG}."
FM_HOP_DONG,,4,"Thời giờ làm việc, thời giờ nghỉ ngơi","1. Thời giờ làm việc: {GIO_LAM}.
2. Thời giờ nghỉ ngơi: {NGHI_NGOI}.
3. Nghỉ hằng năm, nghỉ lễ, tết, nghỉ việc riêng và nghỉ không hưởng lương theo Bộ luật Lao động 2019 và nội quy lao động của Công ty."
FM_HOP_DONG,,5,Trang bị bảo hộ lao động,"Người lao động được trang bị phương tiện bảo vệ cá nhân phù hợp với công việc theo quy định về an toàn, vệ sinh lao động: {BHLD}."
FM_HOP_DONG,,6,"Bảo hiểm xã hội, bảo hiểm y tế, bảo hiểm thất nghiệp","Hai bên tham gia bảo hiểm xã hội bắt buộc, bảo hiểm y tế, bảo hiểm thất nghiệp theo Luật Bảo hiểm xã hội 2024 và quy định hiện hành. {?BAO_HIEM}"
FM_HOP_DONG,,7,"Đào tạo, bồi dưỡng, nâng cao trình độ","Người lao động được đào tạo, bồi dưỡng theo kế hoạch và quy chế của Công ty. {?DAO_TAO}"
FM_HOP_DONG,,8,Quyền và nghĩa vụ của người lao động,"1. Được bố trí công việc, trả lương đầy đủ, đúng hạn và hưởng các chế độ theo hợp đồng và quy định của pháp luật.
2. Hoàn thành công việc được giao; chấp hành nội quy lao động, quy chế của Công ty và sự điều hành hợp pháp của người sử dụng lao động.
3. {?NGHIA_VU_NLD}"
FM_HOP_DONG,,9,Quyền và nghĩa vụ của người sử dụng lao động,"1. Bảo đảm việc làm, điều kiện làm việc; trả lương và thực hiện các chế độ theo hợp đồng.
2. Điều hành, kiểm tra, khen thưởng và xử lý kỷ luật lao động theo quy định của pháp luật và nội quy lao động.
3. {?NGHIA_VU_NSDLD}"
FM_HOP_DONG,,10,"Bảo vệ bí mật kinh doanh, bí mật công nghệ","Người lao động có trách nhiệm bảo vệ bí mật kinh doanh, bí mật công nghệ của Công ty theo khoản 2 Điều 21 Bộ luật Lao động 2019. {?BAO_MAT}"
FM_HOP_DONG,,11,Điều khoản thi hành,"1. Những vấn đề về lao động không ghi trong hợp đồng này thì áp dụng theo nội quy lao động, thỏa ước lao động tập thể (nếu có) và quy định của pháp luật lao động.
2. Việc sửa đổi, bổ sung hợp đồng được thực hiện bằng phụ lục hợp đồng lao động.
3. Hợp đồng có hiệu lực từ ngày {TU_NGAY}, được lập thành 02 bản có giá trị như nhau, mỗi bên giữ 01 bản."
FMV_HOP_DONG_THU_VIEC,,1,Công việc thử việc,"1. Chức danh chuyên môn: {CHUC_DANH}.
2. Công việc phải làm: {CONG_VIEC}.
3. Địa điểm làm việc: {DIA_DIEM}."
FMV_HOP_DONG_THU_VIEC,,2,Thời gian thử việc,"Từ ngày {TU_NGAY} đến ngày {DEN_NGAY}. Thời gian thử việc không quá 180 ngày với công việc của người quản lý doanh nghiệp; 60 ngày với chức danh cần trình độ cao đẳng trở lên; 30 ngày với chức danh cần trình độ trung cấp, công nhân kỹ thuật, nhân viên nghiệp vụ; 06 ngày làm việc với công việc khác (Điều 25 Bộ luật Lao động 2019)."
FMV_HOP_DONG_THU_VIEC,,3,Tiền lương thử việc,"1. Mức lương thử việc: {LUONG} ({LUONG_CHU}), không thấp hơn 85% mức lương của công việc đó (Điều 26 Bộ luật Lao động 2019).
2. Hình thức trả lương: {HINH_THUC_TRA}; kỳ hạn trả lương: {KY_TRA}."
FMV_HOP_DONG_THU_VIEC,,4,"Thời giờ làm việc, thời giờ nghỉ ngơi","1. Thời giờ làm việc: {GIO_LAM}.
2. Thời giờ nghỉ ngơi: {NGHI_NGOI}."
FMV_HOP_DONG_THU_VIEC,,5,Kết thúc thời gian thử việc,"1. Khi kết thúc thời gian thử việc, người sử dụng lao động thông báo kết quả thử việc cho người lao động.
2. Trường hợp đạt yêu cầu, hai bên tiếp tục giao kết hợp đồng lao động; trường hợp không đạt thì chấm dứt thỏa thuận thử việc.
3. Trong thời gian thử việc, mỗi bên có quyền hủy bỏ thỏa thuận thử việc mà không cần báo trước và không phải bồi thường (Điều 27 Bộ luật Lao động 2019)."
FMV_HOP_DONG_THU_VIEC,,6,Quyền và nghĩa vụ của các bên,"Người lao động thực hiện công việc theo sự phân công, chấp hành nội quy lao động; người sử dụng lao động bố trí công việc, trả lương đầy đủ, đúng hạn và hướng dẫn công việc trong thời gian thử việc."
FMV_HOP_DONG_THU_VIEC,,7,Điều khoản thi hành,"Hợp đồng thử việc có hiệu lực từ ngày {TU_NGAY}, được lập thành 02 bản có giá trị như nhau, mỗi bên giữ 01 bản."
FM_HD_KINH_TE,Mua bán,1,Hàng hóa,"Bên A đồng ý bán và Bên B đồng ý mua hàng hóa sau: {DOI_TUONG}.
Hàng hóa mới 100%, đúng chủng loại, xuất xứ và tiêu chuẩn kỹ thuật đã thỏa thuận."
FM_HD_KINH_TE,Mua bán,2,Giá trị hợp đồng và phương thức thanh toán,"1. Tổng giá trị hợp đồng: {SO_TIEN} ({SO_TIEN_CHU}), đã bao gồm thuế GTGT (nếu có).
2. Phương thức thanh toán: {THANH_TOAN}.
3. Thời hạn và điều kiện thanh toán: {GIA_THANH_TOAN}."
FM_HD_KINH_TE,Mua bán,3,Giao nhận và kiểm tra hàng hóa,"1. Thời gian, địa điểm, phương thức giao hàng: {THUC_HIEN}.
2. Hai bên lập biên bản giao nhận khi bàn giao. Bên nhận kiểm tra số lượng, chất lượng và thông báo sai sót bằng văn bản trong vòng 03 ngày làm việc kể từ ngày nhận hàng."
FM_HD_KINH_TE,Mua bán,4,Bảo hành,"Hàng hóa được bảo hành theo tiêu chuẩn của nhà sản xuất, thời hạn …… tháng kể từ ngày giao hàng."
FM_HD_KINH_TE,Nguyên tắc,1,Phạm vi hợp tác,"Hai bên thống nhất nguyên tắc mua bán, cung cấp: {DOI_TUONG}.
Số lượng, đơn giá, thời gian giao hàng của từng lần được xác định theo đơn đặt hàng hoặc phụ lục được hai bên xác nhận; đơn đặt hàng là bộ phận không tách rời của hợp đồng này."
FM_HD_KINH_TE,Nguyên tắc,2,Giá và thanh toán,"1. Giá theo báo giá, bảng giá được hai bên xác nhận tại từng thời điểm.
2. Phương thức thanh toán: {THANH_TOAN}; thời hạn: {GIA_THANH_TOAN}.
3. Hai bên đối chiếu công nợ định kỳ hằng tháng."
FM_HD_KINH_TE,Nguyên tắc,3,Giao nhận hàng hóa,"Thời gian, địa điểm giao hàng theo từng đơn đặt hàng: {THUC_HIEN}. Mỗi lần giao nhận có biên bản hoặc phiếu giao hàng có chữ ký của hai bên."
FM_HD_KINH_TE,Dịch vụ,1,Nội dung dịch vụ,"Bên B cung cấp cho Bên A dịch vụ: {DOI_TUONG}.
Phạm vi, tiêu chuẩn chất lượng theo đề xuất kỹ thuật hoặc phụ lục đính kèm."
FM_HD_KINH_TE,Dịch vụ,2,"Thời gian, địa điểm thực hiện",{THUC_HIEN}.
FM_HD_KINH_TE,Dịch vụ,3,Giá trị hợp đồng và phương thức thanh toán,"1. Tổng giá trị hợp đồng: {SO_TIEN} ({SO_TIEN_CHU}), đã bao gồm thuế GTGT (nếu có).
2. Phương thức thanh toán: {THANH_TOAN}.
3. Thời hạn và điều kiện thanh toán: {GIA_THANH_TOAN}."
FM_HD_KINH_TE,Dịch vụ,4,Nghiệm thu,Kết quả dịch vụ được nghiệm thu bằng biên bản có xác nhận của hai bên; biên bản nghiệm thu là căn cứ thanh toán.
FM_HD_KINH_TE,Thuê,1,Tài sản thuê,"Bên A (bên thuê) thuê của Bên B (bên cho thuê) tài sản: {DOI_TUONG} (mô tả, số lượng, hiện trạng khi bàn giao)."
FM_HD_KINH_TE,Thuê,2,Thời hạn thuê,Từ ngày {NGAY_HIEU_LUC} đến ngày {NGAY_HET_HAN}.
FM_HD_KINH_TE,Thuê,3,"Giá thuê, đặt cọc và thanh toán","1. Giá thuê: {SO_TIEN} ({SO_TIEN_CHU}) mỗi kỳ ……, đã bao gồm thuế (nếu có).
2. Phương thức thanh toán: {THANH_TOAN}; thời hạn: {GIA_THANH_TOAN}.
3. Tiền đặt cọc (nếu có): …… đồng, được hoàn trả khi kết thúc hợp đồng sau khi trừ các khoản còn phải trả."
FM_HD_KINH_TE,Thuê,4,"Bảo quản, sửa chữa và trả lại tài sản","Bên thuê bảo quản, sử dụng tài sản đúng công dụng và sửa chữa hư hỏng nhỏ; bên cho thuê sửa chữa hư hỏng lớn không do lỗi của bên thuê. Khi hết hạn, bên thuê trả lại tài sản đúng hiện trạng, trừ hao mòn tự nhiên (Điều 472–483 Bộ luật Dân sự 2015)."
FM_HD_KINH_TE,Cho thuê,1,Tài sản cho thuê,"Bên A (bên cho thuê) cho Bên B (bên thuê) thuê tài sản: {DOI_TUONG} (mô tả, số lượng, hiện trạng khi bàn giao)."
FM_HD_KINH_TE,Cho thuê,2,Thời hạn thuê,Từ ngày {NGAY_HIEU_LUC} đến ngày {NGAY_HET_HAN}.
FM_HD_KINH_TE,Cho thuê,3,"Giá thuê, đặt cọc và thanh toán","1. Giá thuê: {SO_TIEN} ({SO_TIEN_CHU}) mỗi kỳ ……, đã bao gồm thuế (nếu có).
2. Phương thức thanh toán: {THANH_TOAN}; thời hạn: {GIA_THANH_TOAN}.
3. Tiền đặt cọc (nếu có): …… đồng, được hoàn trả khi kết thúc hợp đồng sau khi trừ các khoản còn phải trả."
FM_HD_KINH_TE,Cho thuê,4,"Bảo quản, sửa chữa và trả lại tài sản","Bên thuê bảo quản, sử dụng tài sản đúng công dụng và sửa chữa hư hỏng nhỏ; bên cho thuê sửa chữa hư hỏng lớn không do lỗi của bên thuê. Khi hết hạn, bên thuê trả lại tài sản đúng hiện trạng, trừ hao mòn tự nhiên (Điều 472–483 Bộ luật Dân sự 2015)."
FM_HD_KINH_TE,Thi công,1,Nội dung và khối lượng công việc,"{DOI_TUONG}, theo hồ sơ thiết kế và bảng khối lượng đính kèm."
FM_HD_KINH_TE,Thi công,2,Tiến độ thi công,{THUC_HIEN}. Bên thi công lập tiến độ chi tiết và thông báo kịp thời khi có thay đổi.
FM_HD_KINH_TE,Thi công,3,Giá trị hợp đồng và phương thức thanh toán,"1. Tổng giá trị hợp đồng: {SO_TIEN} ({SO_TIEN_CHU}), đã bao gồm thuế GTGT (nếu có).
2. Phương thức thanh toán: {THANH_TOAN}.
3. Thời hạn và điều kiện thanh toán: {GIA_THANH_TOAN}."
FM_HD_KINH_TE,Thi công,4,"An toàn lao động, phòng cháy và vệ sinh môi trường","Bên thi công chịu trách nhiệm về an toàn lao động, phòng cháy chữa cháy và vệ sinh môi trường tại nơi thi công theo Luật An toàn, vệ sinh lao động 2015 và Luật Phòng cháy, chữa cháy và cứu nạn, cứu hộ 2024."
FM_HD_KINH_TE,Thi công,5,"Nghiệm thu, bàn giao và bảo hành",Nghiệm thu từng hạng mục và toàn bộ công việc bằng biên bản; thời hạn bảo hành …… tháng kể từ ngày nghiệm thu bàn giao.
FM_HD_KINH_TE,Bảo trì,1,Đối tượng bảo trì,{DOI_TUONG}.
FM_HD_KINH_TE,Bảo trì,2,Nội dung và tần suất bảo trì,Bảo trì định kỳ …… lần/……; xử lý sự cố trong vòng …… giờ kể từ khi nhận thông báo. Lịch thực hiện: {THUC_HIEN}.
FM_HD_KINH_TE,Bảo trì,3,Giá trị hợp đồng và phương thức thanh toán,"1. Tổng giá trị hợp đồng: {SO_TIEN} ({SO_TIEN_CHU}), đã bao gồm thuế GTGT (nếu có).
2. Phương thức thanh toán: {THANH_TOAN}.
3. Thời hạn và điều kiện thanh toán: {GIA_THANH_TOAN}."
FM_HD_KINH_TE,Bảo trì,4,Nghiệm thu,"Sau mỗi lần bảo trì, hai bên lập biên bản xác nhận công việc đã thực hiện và tình trạng thiết bị."
FM_HD_KINH_TE,Vận chuyển,1,Hàng hóa và tuyến vận chuyển,{DOI_TUONG}.
FM_HD_KINH_TE,Vận chuyển,2,"Thời gian, địa điểm giao nhận",{THUC_HIEN}.
FM_HD_KINH_TE,Vận chuyển,3,Cước phí và thanh toán,"1. Cước vận chuyển: {SO_TIEN} ({SO_TIEN_CHU}).
2. Phương thức thanh toán: {THANH_TOAN}; thời hạn: {GIA_THANH_TOAN}."
FM_HD_KINH_TE,Vận chuyển,4,Trách nhiệm đối với hàng hóa,"Bên vận chuyển chịu trách nhiệm về hàng hóa từ khi nhận đến khi giao; bồi thường mất mát, hư hỏng do lỗi của mình theo Bộ luật Dân sự 2015 và Luật Thương mại 2005."
FM_HD_KINH_TE,Hợp tác,1,Mục đích và phạm vi hợp tác,{DOI_TUONG}.
FM_HD_KINH_TE,Hợp tác,2,Đóng góp của các bên,"Bên A đóng góp: ……
Bên B đóng góp: ……"
FM_HD_KINH_TE,Hợp tác,3,"Phân chia kết quả, chi phí","Lợi nhuận, chi phí và rủi ro được phân chia theo tỷ lệ: Bên A ……%, Bên B ……% (Điều 504–512 Bộ luật Dân sự 2015)."
FM_HD_KINH_TE,Hợp tác,4,Thời hạn hợp tác,Từ ngày {NGAY_HIEU_LUC} đến ngày {NGAY_HET_HAN}.
FM_HD_KINH_TE,Đại lý,1,Hình thức đại lý và hàng hóa,Bên A giao cho Bên B làm đại lý …… (bao tiêu/độc quyền/hoa hồng) đối với hàng hóa: {DOI_TUONG} (Điều 166–177 Luật Thương mại 2005).
FM_HD_KINH_TE,Đại lý,2,Giá bán và thù lao đại lý,Giá bán do Bên A quy định; thù lao đại lý/hoa hồng: ……% doanh số.
FM_HD_KINH_TE,Đại lý,3,Thanh toán và đối chiếu,"Phương thức thanh toán: {THANH_TOAN}; thời hạn: {GIA_THANH_TOAN}. Hai bên đối chiếu số lượng, doanh số và công nợ hằng tháng."
FM_HD_KINH_TE,Phân phối,1,Sản phẩm và khu vực phân phối,Sản phẩm: {DOI_TUONG}. Khu vực phân phối: ……
FM_HD_KINH_TE,Phân phối,2,Chỉ tiêu doanh số,Bên B cam kết doanh số tối thiểu …… /tháng (quý).
FM_HD_KINH_TE,Phân phối,3,"Giá, chiết khấu và thanh toán",Giá theo bảng giá của Bên A tại từng thời điểm; chiết khấu ……%. Phương thức thanh toán: {THANH_TOAN}; thời hạn: {GIA_THANH_TOAN}.
FM_HD_KINH_TE,Phân phối,4,Hỗ trợ bán hàng và bảo hành,"Bên A hỗ trợ tài liệu, đào tạo sản phẩm và thực hiện bảo hành theo chính sách của nhà sản xuất."
FM_HD_KINH_TE,Gia công,1,Sản phẩm gia công,"{DOI_TUONG} (quy cách, số lượng, tiêu chuẩn chất lượng theo mẫu được hai bên xác nhận)."
FM_HD_KINH_TE,Gia công,2,Nguyên vật liệu,"Nguyên vật liệu do …… cung cấp; bên nhận gia công quản lý, sử dụng đúng mục đích và hoàn trả phần còn thừa (Điều 178–184 Luật Thương mại 2005)."
FM_HD_KINH_TE,Gia công,3,Thời hạn giao sản phẩm,{THUC_HIEN}.
FM_HD_KINH_TE,Gia công,4,Giá trị hợp đồng và phương thức thanh toán,"1. Tổng giá trị hợp đồng: {SO_TIEN} ({SO_TIEN_CHU}), đã bao gồm thuế GTGT (nếu có).
2. Phương thức thanh toán: {THANH_TOAN}.
3. Thời hạn và điều kiện thanh toán: {GIA_THANH_TOAN}."
FM_HD_KINH_TE,Gia công,5,Kiểm tra chất lượng,"Sản phẩm được kiểm tra, nghiệm thu khi giao; sản phẩm không đạt được sửa chữa hoặc làm lại bằng chi phí của bên nhận gia công."
FM_HD_KINH_TE,Tư vấn,1,Phạm vi tư vấn,{DOI_TUONG}.
FM_HD_KINH_TE,Tư vấn,2,Sản phẩm tư vấn và tiến độ,{THUC_HIEN}.
FM_HD_KINH_TE,Tư vấn,3,Giá trị hợp đồng và phương thức thanh toán,"1. Tổng giá trị hợp đồng: {SO_TIEN} ({SO_TIEN_CHU}), đã bao gồm thuế GTGT (nếu có).
2. Phương thức thanh toán: {THANH_TOAN}.
3. Thời hạn và điều kiện thanh toán: {GIA_THANH_TOAN}."
FM_HD_KINH_TE,Tư vấn,4,Bảo mật thông tin,"Bên tư vấn không tiết lộ thông tin, tài liệu của bên được tư vấn cho bên thứ ba khi chưa có sự đồng ý bằng văn bản."
FM_HD_KINH_TE,Vay,1,Số tiền vay và mục đích,"1. Số tiền vay: {SO_TIEN} ({SO_TIEN_CHU}).
2. Mục đích sử dụng: {DOI_TUONG}."
FM_HD_KINH_TE,Vay,2,Thời hạn vay,Từ ngày {NGAY_HIEU_LUC} đến ngày {NGAY_HET_HAN}.
FM_HD_KINH_TE,Vay,3,Lãi suất,"Lãi suất: {LAI_SUAT}%/năm, không vượt quá 20%/năm theo Điều 468 Bộ luật Dân sự 2015. Lãi chậm trả theo Điều 466 Bộ luật Dân sự 2015."
FM_HD_KINH_TE,Vay,4,Phương thức trả nợ,Trả gốc và lãi theo phương thức: {THANH_TOAN}; kỳ hạn: {GIA_THANH_TOAN}.
FM_HD_KINH_TE,Vay,5,Tài sản bảo đảm,Tài sản bảo đảm (nếu có): ……
FM_HD_KINH_TE,Phần mềm,1,Phạm vi phần mềm,"{DOI_TUONG} (chức năng, yêu cầu kỹ thuật theo tài liệu đặc tả đính kèm)."
FM_HD_KINH_TE,Phần mềm,2,Tiến độ triển khai và đào tạo,{THUC_HIEN}.
FM_HD_KINH_TE,Phần mềm,3,Giá trị hợp đồng và phương thức thanh toán,"1. Tổng giá trị hợp đồng: {SO_TIEN} ({SO_TIEN_CHU}), đã bao gồm thuế GTGT (nếu có).
2. Phương thức thanh toán: {THANH_TOAN}.
3. Thời hạn và điều kiện thanh toán: {GIA_THANH_TOAN}."
FM_HD_KINH_TE,Phần mềm,4,"Nghiệm thu, bảo hành và bảo trì",Nghiệm thu theo kịch bản kiểm thử được hai bên thống nhất; bảo hành lỗi …… tháng kể từ ngày nghiệm thu.
FM_HD_KINH_TE,Phần mềm,5,Quyền sở hữu trí tuệ,Quyền tác giả và quyền sở hữu mã nguồn thuộc về ……; bên sử dụng được cấp quyền sử dụng theo phạm vi tại hợp đồng này (Luật Sở hữu trí tuệ).
FM_HD_KINH_TE,Bản quyền,1,Đối tượng bản quyền,{DOI_TUONG}.
FM_HD_KINH_TE,Bản quyền,2,Phạm vi cho phép sử dụng,Hình thức: …… (độc quyền/không độc quyền); lãnh thổ: ……; thời hạn: từ ngày {NGAY_HIEU_LUC} đến ngày {NGAY_HET_HAN}.
FM_HD_KINH_TE,Bản quyền,3,Giá trị hợp đồng và phương thức thanh toán,"1. Tổng giá trị hợp đồng: {SO_TIEN} ({SO_TIEN_CHU}), đã bao gồm thuế GTGT (nếu có).
2. Phương thức thanh toán: {THANH_TOAN}.
3. Thời hạn và điều kiện thanh toán: {GIA_THANH_TOAN}."
FM_HD_KINH_TE,Bản quyền,4,Cam kết của bên chuyển giao,Bên chuyển giao cam kết là chủ sở hữu hợp pháp và việc chuyển giao không xâm phạm quyền của bên thứ ba.
FM_HD_KINH_TE,Chuyển giao,1,Đối tượng chuyển giao,{DOI_TUONG}.
FM_HD_KINH_TE,Chuyển giao,2,Phương thức chuyển giao,"Chuyển giao tài liệu kỹ thuật, đào tạo, hỗ trợ kỹ thuật theo Luật Chuyển giao công nghệ 2017. Thời gian, địa điểm: {THUC_HIEN}."
FM_HD_KINH_TE,Chuyển giao,3,Giá trị hợp đồng và phương thức thanh toán,"1. Tổng giá trị hợp đồng: {SO_TIEN} ({SO_TIEN_CHU}), đã bao gồm thuế GTGT (nếu có).
2. Phương thức thanh toán: {THANH_TOAN}.
3. Thời hạn và điều kiện thanh toán: {GIA_THANH_TOAN}."
FM_HD_KINH_TE,Chuyển giao,4,Cam kết chất lượng,Bên chuyển giao bảo đảm công nghệ đạt các chỉ tiêu đã thỏa thuận và hỗ trợ khắc phục khi không đạt.
FM_HD_KINH_TE,,50,Quyền và nghĩa vụ của các bên,"1. Bên A thực hiện đúng, đầy đủ nghĩa vụ đã cam kết; phối hợp, cung cấp thông tin cần thiết cho Bên B.
2. Bên B thực hiện đúng, đầy đủ nghĩa vụ đã cam kết; thông báo kịp thời cho Bên A khi có vướng mắc.
3. {?QUYEN_NGHIA_VU}"
FM_HD_KINH_TE,,51,Phạt vi phạm và bồi thường thiệt hại,"1. Bên vi phạm nghĩa vụ phải chịu phạt {PHAT}% giá trị phần nghĩa vụ hợp đồng bị vi phạm (không vượt quá 8% theo Điều 301 Luật Thương mại 2005) và bồi thường thiệt hại thực tế phát sinh.
2. Bên chậm thanh toán phải trả lãi trên số tiền chậm trả theo Điều 306 Luật Thương mại 2005."
FM_HD_KINH_TE,,52,Bất khả kháng,"Sự kiện bất khả kháng là sự kiện xảy ra một cách khách quan, không thể lường trước và không thể khắc phục được mặc dù đã áp dụng mọi biện pháp cần thiết (Điều 156 Bộ luật Dân sự 2015). Bên gặp sự kiện bất khả kháng phải thông báo bằng văn bản cho bên kia trong vòng 07 ngày và được miễn trách nhiệm trong phạm vi bị ảnh hưởng."
FM_HD_KINH_TE,,53,Giải quyết tranh chấp,"Tranh chấp phát sinh được giải quyết trên tinh thần thương lượng, hòa giải. Trường hợp không thương lượng được: {TRANH_CHAP}."
FM_HD_KINH_TE,,54,Điều khoản chung,"1. Hợp đồng có hiệu lực từ ngày {NGAY_HIEU_LUC}{?DEN_HET_HAN_TEXT}.
2. Mọi sửa đổi, bổ sung phải lập thành phụ lục có chữ ký của hai bên; phụ lục là bộ phận không tách rời của hợp đồng.
3. Hợp đồng được lập thành 02 bản có giá trị pháp lý như nhau, mỗi bên giữ 01 bản."
FM_PHU_LUC_HD,,1,Căn cứ lập phụ lục,Phụ lục này được lập căn cứ Hợp đồng số {HOP_DONG_GOC} và là bộ phận không tách rời của hợp đồng.
FM_PHU_LUC_HD,,2,"Nội dung sửa đổi, bổ sung",{NOI_DUNG_SUA_DOI}
FM_PHU_LUC_HD,,3,Điều khoản thi hành,"Các điều khoản khác của hợp đồng không được sửa đổi tại phụ lục này giữ nguyên hiệu lực. Phụ lục có hiệu lực từ ngày {NGAY_HIEU_LUC}, được lập thành 02 bản, mỗi bên giữ 01 bản."
FM_BB_HOP_DONG,*,1,Căn cứ,Căn cứ Hợp đồng số {HOP_DONG_GOC} giữa hai bên.
FM_BB_HOP_DONG,*,2,Nội dung xác nhận,{NOI_DUNG}
FM_BB_HOP_DONG,*,3,Kết luận,{KET_LUAN}
FM_BB_HOP_DONG,*,4,Hiệu lực,"Biên bản được lập thành 02 bản có giá trị như nhau, mỗi bên giữ 01 bản."
FM_BB_HOP_DONG,Thanh lý hợp đồng,1,Xác nhận thực hiện hợp đồng,Hai bên xác nhận đã thực hiện xong các nghĩa vụ theo Hợp đồng số {HOP_DONG_GOC}. {?KET_LUAN}
FM_BB_HOP_DONG,Thanh lý hợp đồng,2,Giá trị quyết toán,"1. Giá trị quyết toán: {SO_TIEN} ({SO_TIEN_CHU}).
2. Số tiền đã thanh toán: …… đồng.
3. Số tiền còn phải thanh toán: …… đồng, thanh toán trong vòng …… ngày kể từ ngày ký biên bản."
FM_BB_HOP_DONG,Thanh lý hợp đồng,3,Thanh lý hợp đồng,"Kể từ ngày ký biên bản này, hợp đồng được thanh lý; hai bên không còn nghĩa vụ nào khác, trừ nghĩa vụ bảo hành, bảo mật (nếu có). Biên bản được lập thành 02 bản, mỗi bên giữ 01 bản."
FM_THOA_THUAN,Bảo mật thông tin (NDA),1,Thông tin bảo mật,"Thông tin bảo mật gồm: {PHAM_VI}, và mọi thông tin kinh doanh, kỹ thuật, dữ liệu cá nhân mà một bên tiếp cận được trong quá trình hợp tác."
FM_THOA_THUAN,Bảo mật thông tin (NDA),2,Nghĩa vụ bảo mật,"Bên nhận thông tin không tiết lộ, sao chép hoặc sử dụng thông tin bảo mật cho mục đích khác ngoài mục đích hợp tác; chỉ cung cấp cho nhân sự cần biết và ràng buộc họ cùng nghĩa vụ bảo mật."
FM_THOA_THUAN,Bảo mật thông tin (NDA),3,Trường hợp ngoại lệ,Không áp dụng với thông tin đã được công khai hợp pháp hoặc phải cung cấp theo yêu cầu của cơ quan nhà nước có thẩm quyền.
FM_THOA_THUAN,Bảo mật thông tin (NDA),4,Thời hạn bảo mật,"Trong thời gian hợp tác và …… năm kể từ khi chấm dứt; hết thời hạn hoặc khi được yêu cầu, bên nhận trả lại hoặc hủy tài liệu chứa thông tin bảo mật."
FM_THOA_THUAN,Bảo mật thông tin (NDA),5,Vi phạm và bồi thường,{VI_PHAM}
FM_THOA_THUAN,Bảo mật thông tin (NDA),6,Hiệu lực,"Thỏa thuận có hiệu lực từ ngày {NGAY_HIEU_LUC}, được lập thành 02 bản, mỗi bên giữ 01 bản."
FM_THOA_THUAN,Biên bản ghi nhớ (MOU),1,Nội dung ghi nhớ,{PHAM_VI}
FM_THOA_THUAN,Biên bản ghi nhớ (MOU),2,Tính chất của biên bản,Biên bản ghi nhớ thể hiện ý định hợp tác của hai bên; các nghĩa vụ cụ thể sẽ được xác lập bằng hợp đồng riêng. Điều khoản bảo mật có hiệu lực ràng buộc kể từ ngày ký.
FM_THOA_THUAN,Biên bản ghi nhớ (MOU),3,Hiệu lực,Từ ngày {NGAY_HIEU_LUC} đến ngày {NGAY_HET_HAN}.
FM_THOA_THUAN,*,1,"Nội dung cam kết, thỏa thuận",{PHAM_VI}
FM_THOA_THUAN,*,2,Thời hạn,Từ ngày {NGAY_HIEU_LUC} đến ngày {NGAY_HET_HAN}.
FM_THOA_THUAN,*,3,Trách nhiệm khi vi phạm,{VI_PHAM}
FM_THOA_THUAN,*,4,Hiệu lực,"Văn bản được lập thành 02 bản có giá trị như nhau, mỗi bên giữ 01 bản."
